1,1,Bulbasaur,45,49,49,65,65,45,318,53
2,2,Ivysaur,60,62,63,80,80,60,405,67.5
3,3,Venusaur,80,82,83,100,100,80,525,87.5
4,3,Venusaur (Mega Venusaur),80,100,123,122,120,80,625,104.17
5,4,Charmander,39,52,43,60,50,65,309,51.5
6,5,Charmeleon,58,64,58,80,65,80,405,67.5
7,6,Charizard,78,84,78,109,85,100,534,89
8,6,Charizard (Mega Charizard X),78,130,111,130,85,100,634,105.67
9,6,Charizard (Mega Charizard Y),78,104,78,159,115,100,634,105.67
10,7,Squirtle,44,48,65,50,64,43,314,52.33
11,8,Wartortle,59,63,80,65,80,58,405,67.5
12,9,Blastoise,79,83,100,85,105,78,530,88.33
13,9,Blastoise (Mega Blastoise),79,103,120,135,115,78,630,105
14,10,Caterpie,45,30,35,20,20,45,195,32.5
15,11,Metapod,50,20,55,25,25,30,205,34.17
16,12,Butterfree,60,45,50,90,80,70,395,65.83
17,13,Weedle,40,35,30,20,20,50,195,32.5
18,14,Kakuna,45,25,50,25,25,35,205,34.17
19,15,Beedrill,65,90,40,45,80,75,395,65.83
20,15,Beedrill (Mega Beedrill),65,150,40,15,80,145,495,82.5
21,16,Pidgey,40,45,40,35,35,56,251,41.83
22,17,Pidgeotto,63,60,55,50,50,71,349,58.17
23,18,Pidgeot,83,80,75,70,70,101,479,79.83
24,18,Pidgeot (Mega Pidgeot),83,80,80,135,80,121,579,96.5
25,19,Rattata,30,56,35,25,35,72,253,42.17
26,19,Rattata (Alolan Rattata),30,56,35,25,35,72,253,42.17
27,20,Raticate,55,81,60,50,70,97,413,68.83
28,20,Raticate (Alolan Raticate),75,71,70,40,80,77,413,68.83
29,21,Spearow,40,60,30,31,31,70,262,43.67
30,22,Fearow,65,90,65,61,61,100,442,73.67
31,23,Ekans,35,60,44,40,54,55,288,48
32,24,Arbok,60,95,69,65,79,80,448,74.67
33,25,Pikachu,35,55,40,50,50,90,320,53.33
34,26,Raichu,60,90,55,90,80,110,485,80.83
35,26,Raichu (Alolan Raichu),60,85,50,95,85,110,485,80.83
36,27,Sandshrew,50,75,85,20,30,40,300,50
37,27,Sandshrew (Alolan Sandshrew),50,75,90,10,35,40,300,50
38,28,Sandslash,75,100,110,45,55,65,450,75
39,28,Sandslash (Alolan Sandslash),75,100,120,25,65,65,450,75
40,29,Nidoran♀,55,47,52,40,40,41,275,45.83
41,30,Nidorina,70,62,67,55,55,56,365,60.83
42,31,Nidoqueen,90,92,87,75,85,76,505,84.17
43,32,Nidoran♂,46,57,40,40,40,50,273,45.5
44,33,Nidorino,61,72,57,55,55,65,365,60.83
45,34,Nidoking,81,102,77,85,75,85,505,84.17
46,35,Clefairy,70,45,48,60,65,35,323,53.83
47,36,Clefable,95,70,73,95,90,60,483,80.5
48,37,Vulpix,38,41,40,50,65,65,299,49.83
49,37,Vulpix (Alolan Vulpix),38,41,40,50,65,65,299,49.83
50,38,Ninetales,73,76,75,81,100,100,505,84.17
51,38,Ninetales (Alolan Ninetales),73,67,75,81,100,109,505,84.17
52,39,Jigglypuff,115,45,20,45,25,20,270,45
53,40,Wigglytuff,140,70,45,85,50,45,435,72.5
54,41,Zubat,40,45,35,30,40,55,245,40.83
55,42,Golbat,75,80,70,65,75,90,455,75.83
56,43,Oddish,45,50,55,75,65,30,320,53.33
57,44,Gloom,60,65,70,85,75,40,395,65.83
58,45,Vileplume,75,80,85,110,90,50,490,81.67
59,46,Paras,35,70,55,45,55,25,285,47.5
60,47,Parasect,60,95,80,60,80,30,405,67.5
61,48,Venonat,60,55,50,40,55,45,305,50.83
62,49,Venomoth,70,65,60,90,75,90,450,75
63,50,Diglett,10,55,25,35,45,95,265,44.17
64,50,Diglett (Alolan Diglett),10,55,30,35,45,90,265,44.17
65,51,Dugtrio,35,100,50,50,70,120,425,70.83
66,51,Dugtrio (Alolan Dugtrio),35,100,60,50,70,110,425,70.83
67,52,Meowth,40,45,35,40,40,90,290,48.33
68,52,Meowth (Alolan Meowth),40,35,35,50,40,90,290,48.33
69,53,Persian,65,70,60,65,65,115,440,73.33
70,53,Persian (Alolan Persian),65,60,60,75,65,115,440,73.33
71,54,Psyduck,50,52,48,65,50,55,320,53.33
72,55,Golduck,80,82,78,95,80,85,500,83.33
73,56,Mankey,40,80,35,35,45,70,305,50.83
74,57,Primeape,65,105,60,60,70,95,455,75.83
75,58,Growlithe,55,70,45,70,50,60,350,58.33
76,59,Arcanine,90,110,80,100,80,95,555,92.5
77,60,Poliwag,40,50,40,40,40,90,300,50
78,61,Poliwhirl,65,65,65,50,50,90,385,64.17
79,62,Poliwrath,90,95,95,70,90,70,510,85
80,63,Abra,25,20,15,105,55,90,310,51.67
81,64,Kadabra,40,35,30,120,70,105,400,66.67
82,65,Alakazam,55,50,45,135,95,120,500,83.33
83,65,Alakazam (Mega Alakazam),55,50,65,175,105,150,600,100
84,66,Machop,70,80,50,35,35,35,305,50.83
85,67,Machoke,80,100,70,50,60,45,405,67.5
86,68,Machamp,90,130,80,65,85,55,505,84.17
87,69,Bellsprout,50,75,35,70,30,40,300,50
88,70,Weepinbell,65,90,50,85,45,55,390,65
89,71,Victreebel,80,105,65,100,70,70,490,81.67
90,72,Tentacool,40,40,35,50,100,70,335,55.83
91,73,Tentacruel,80,70,65,80,120,100,515,85.83
92,74,Geodude,40,80,100,30,30,20,300,50
93,74,Geodude (Alolan Geodude),40,80,100,30,30,20,300,50
94,75,Graveler,55,95,115,45,45,35,390,65
95,75,Graveler (Alolan Graveler),55,95,115,45,45,35,390,65
96,76,Golem,80,120,130,55,65,45,495,82.5
97,76,Golem (Alolan Golem),80,120,130,55,65,45,495,82.5
98,77,Ponyta,50,85,55,65,65,90,410,68.33
99,78,Rapidash,65,100,70,80,80,105,500,83.33
100,79,Slowpoke,90,65,65,40,40,15,315,52.5
101,80,Slowbro,95,75,110,100,80,30,490,81.67
102,80,Slowbro (Mega Slowbro),95,75,180,130,80,30,590,98.33
103,81,Magnemite,25,35,70,95,55,45,325,54.17
104,82,Magneton,50,60,95,120,70,70,465,77.5
105,83,Farfetch'd,52,90,55,58,62,60,377,62.83
106,84,Doduo,35,85,45,35,35,75,310,51.67
107,85,Dodrio,60,110,70,60,60,110,470,78.33
108,86,Seel,65,45,55,45,70,45,325,54.17
109,87,Dewgong,90,70,80,70,95,70,475,79.17
110,88,Grimer,80,80,50,40,50,25,325,54.17
111,88,Grimer (Alolan Grimer),80,80,50,40,50,25,325,54.17
112,89,Muk,105,105,75,65,100,50,500,83.33
113,89,Muk (Alolan Muk),105,105,75,65,100,50,500,83.33
114,90,Shellder,30,65,100,45,25,40,305,50.83
115,91,Cloyster,50,95,180,85,45,70,525,87.5
116,92,Gastly,30,35,30,100,35,80,310,51.67
117,93,Haunter,45,50,45,115,55,95,405,67.5
118,94,Gengar,60,65,60,130,75,110,500,83.33
119,94,Gengar (Mega Gengar),60,65,80,170,95,130,600,100
120,95,Onix,35,45,160,30,45,70,385,64.17
121,96,Drowzee,60,48,45,43,90,42,328,54.67
122,97,Hypno,85,73,70,73,115,67,483,80.5
123,98,Krabby,30,105,90,25,25,50,325,54.17
124,99,Kingler,55,130,115,50,50,75,475,79.17
125,100,Voltorb,40,30,50,55,55,100,330,55
126,101,Electrode,60,50,70,80,80,150,490,81.67
127,102,Exeggcute,60,40,80,60,45,40,325,54.17
128,103,Exeggutor,95,95,85,125,75,55,530,88.33
129,103,Exeggutor (Alolan Exeggutor),95,105,85,125,75,45,530,88.33
130,104,Cubone,50,50,95,40,50,35,320,53.33
131,105,Marowak,60,80,110,50,80,45,425,70.83
132,105,Marowak (Alolan Marowak),60,80,110,50,80,45,425,70.83
133,106,Hitmonlee,50,120,53,35,110,87,455,75.83
134,107,Hitmonchan,50,105,79,35,110,76,455,75.83
135,108,Lickitung,90,55,75,60,75,30,385,64.17
136,109,Koffing,40,65,95,60,45,35,340,56.67
137,110,Weezing,65,90,120,85,70,60,490,81.67
138,111,Rhyhorn,80,85,95,30,30,25,345,57.5
139,112,Rhydon,105,130,120,45,45,40,485,80.83
140,113,Chansey,250,5,5,35,105,50,450,75
141,114,Tangela,65,55,115,100,40,60,435,72.5
142,115,Kangaskhan,105,95,80,40,80,90,490,81.67
143,115,Kangaskhan (Mega Kangaskhan),105,125,100,60,100,100,590,98.33
144,116,Horsea,30,40,70,70,25,60,295,49.17
145,117,Seadra,55,65,95,95,45,85,440,73.33
146,118,Goldeen,45,67,60,35,50,63,320,53.33
147,119,Seaking,80,92,65,65,80,68,450,75
148,120,Staryu,30,45,55,70,55,85,340,56.67
149,121,Starmie,60,75,85,100,85,115,520,86.67
150,122,Mr. Mime,40,45,65,100,120,90,460,76.67
151,123,Scyther,70,110,80,55,80,105,500,83.33
152,124,Jynx,65,50,35,115,95,95,455,75.83
153,125,Electabuzz,65,83,57,95,85,105,490,81.67
154,126,Magmar,65,95,57,100,85,93,495,82.5
155,127,Pinsir,65,125,100,55,70,85,500,83.33
156,127,Pinsir (Mega Pinsir),65,155,120,65,90,105,600,100
157,128,Tauros,75,100,95,40,70,110,490,81.67
158,129,Magikarp,20,10,55,15,20,80,200,33.33
159,130,Gyarados,95,125,79,60,100,81,540,90
160,130,Gyarados (Mega Gyarados),95,155,109,70,130,81,640,106.67
161,131,Lapras,130,85,80,85,95,60,535,89.17
162,132,Ditto,48,48,48,48,48,48,288,48
163,133,Eevee,55,55,50,45,65,55,325,54.17
164,134,Vaporeon,130,65,60,110,95,65,525,87.5
165,135,Jolteon,65,65,60,110,95,130,525,87.5
166,136,Flareon,65,130,60,95,110,65,525,87.5
167,137,Porygon,65,60,70,85,75,40,395,65.83
168,138,Omanyte,35,40,100,90,55,35,355,59.17
169,139,Omastar,70,60,125,115,70,55,495,82.5
170,140,Kabuto,30,80,90,55,45,55,355,59.17
171,141,Kabutops,60,115,105,65,70,80,495,82.5
172,142,Aerodactyl,80,105,65,60,75,130,515,85.83
173,142,Aerodactyl (Mega Aerodactyl),80,135,85,70,95,150,615,102.5
174,143,Snorlax,160,110,65,65,110,30,540,90
175,144,Articuno,90,85,100,95,125,85,580,96.67
176,145,Zapdos,90,90,85,125,90,100,580,96.67
177,146,Moltres,90,100,90,125,85,90,580,96.67
178,147,Dratini,41,64,45,50,50,50,300,50
179,148,Dragonair,61,84,65,70,70,70,420,70
180,149,Dragonite,91,134,95,100,100,80,600,100
181,150,Mewtwo,106,110,90,154,90,130,680,113.33
182,150,Mewtwo (Mega Mewtwo X),106,190,100,154,100,130,780,130
183,150,Mewtwo (Mega Mewtwo Y),106,150,70,194,120,140,780,130
184,151,Mew,100,100,100,100,100,100,600,100
185,152,Chikorita,45,49,65,49,65,45,318,53
186,153,Bayleef,60,62,80,63,80,60,405,67.5
187,154,Meganium,80,82,100,83,100,80,525,87.5
188,155,Cyndaquil,39,52,43,60,50,65,309,51.5
189,156,Quilava,58,64,58,80,65,80,405,67.5
190,157,Typhlosion,78,84,78,109,85,100,534,89
191,158,Totodile,50,65,64,44,48,43,314,52.33
192,159,Croconaw,65,80,80,59,63,58,405,67.5
193,160,Feraligatr,85,105,100,79,83,78,530,88.33
194,161,Sentret,35,46,34,35,45,20,215,35.83
195,162,Furret,85,76,64,45,55,90,415,69.17
196,163,Hoothoot,60,30,30,36,56,50,262,43.67
197,164,Noctowl,100,50,50,86,96,70,452,75.33
198,165,Ledyba,40,20,30,40,80,55,265,44.17
199,166,Ledian,55,35,50,55,110,85,390,65
200,167,Spinarak,40,60,40,40,40,30,250,41.67
201,168,Ariados,70,90,70,60,70,40,400,66.67
202,169,Crobat,85,90,80,70,80,130,535,89.17
203,170,Chinchou,75,38,38,56,56,67,330,55
204,171,Lanturn,125,58,58,76,76,67,460,76.67
205,172,Pichu,20,40,15,35,35,60,205,34.17
206,173,Cleffa,50,25,28,45,55,15,218,36.33
207,174,Igglybuff,90,30,15,40,20,15,210,35
208,175,Togepi,35,20,65,40,65,20,245,40.83
209,176,Togetic,55,40,85,80,105,40,405,67.5
210,177,Natu,40,50,45,70,45,70,320,53.33
211,178,Xatu,65,75,70,95,70,95,470,78.33
212,179,Mareep,55,40,40,65,45,35,280,46.67
213,180,Flaaffy,70,55,55,80,60,45,365,60.83
214,181,Ampharos,90,75,85,115,90,55,510,85
215,181,Ampharos (Mega Ampharos),90,95,105,165,110,45,610,101.67
216,182,Bellossom,75,80,95,90,100,50,490,81.67
217,183,Marill,70,20,50,20,50,40,250,41.67
218,184,Azumarill,100,50,80,60,80,50,420,70
219,185,Sudowoodo,70,100,115,30,65,30,410,68.33
220,186,Politoed,90,75,75,90,100,70,500,83.33
221,187,Hoppip,35,35,40,35,55,50,250,41.67
222,188,Skiploom,55,45,50,45,65,80,340,56.67
223,189,Jumpluff,75,55,70,55,95,110,460,76.67
224,190,Aipom,55,70,55,40,55,85,360,60
225,191,Sunkern,30,30,30,30,30,30,180,30
226,192,Sunflora,75,75,55,105,85,30,425,70.83
227,193,Yanma,65,65,45,75,45,95,390,65
228,194,Wooper,55,45,45,25,25,15,210,35
229,195,Quagsire,95,85,85,65,65,35,430,71.67
230,196,Espeon,65,65,60,130,95,110,525,87.5
231,197,Umbreon,95,65,110,60,130,65,525,87.5
232,198,Murkrow,60,85,42,85,42,91,405,67.5
233,199,Slowking,95,75,80,100,110,30,490,81.67
234,200,Misdreavus,60,60,60,85,85,85,435,72.5
235,201,Unown,48,72,48,72,48,48,336,56
236,202,Wobbuffet,190,33,58,33,58,33,405,67.5
237,203,Girafarig,70,80,65,90,65,85,455,75.83
238,204,Pineco,50,65,90,35,35,15,290,48.33
239,205,Forretress,75,90,140,60,60,40,465,77.5
240,206,Dunsparce,100,70,70,65,65,45,415,69.17
241,207,Gligar,65,75,105,35,65,85,430,71.67
242,208,Steelix,75,85,200,55,65,30,510,85
243,208,Steelix (Mega Steelix),75,125,230,55,95,30,610,101.67
244,209,Snubbull,60,80,50,40,40,30,300,50
245,210,Granbull,90,120,75,60,60,45,450,75
246,211,Qwilfish,65,95,85,55,55,85,440,73.33
247,212,Scizor,70,130,100,55,80,65,500,83.33
248,212,Scizor (Mega Scizor),70,150,140,65,100,75,600,100
249,213,Shuckle,20,10,230,10,230,5,505,84.17
250,214,Heracross,80,125,75,40,95,85,500,83.33
251,214,Heracross (Mega Heracross),80,185,115,40,105,75,600,100
252,215,Sneasel,55,95,55,35,75,115,430,71.67
253,216,Teddiursa,60,80,50,50,50,40,330,55
254,217,Ursaring,90,130,75,75,75,55,500,83.33
255,218,Slugma,40,40,40,70,40,20,250,41.67
256,219,Magcargo,60,50,120,90,80,30,430,71.67
257,220,Swinub,50,50,40,30,30,50,250,41.67
258,221,Piloswine,100,100,80,60,60,50,450,75
259,222,Corsola,65,55,95,65,95,35,410,68.33
260,223,Remoraid,35,65,35,65,35,65,300,50
261,224,Octillery,75,105,75,105,75,45,480,80
262,225,Delibird,45,55,45,65,45,75,330,55
263,226,Mantine,85,40,70,80,140,70,485,80.83
264,227,Skarmory,65,80,140,40,70,70,465,77.5
265,228,Houndour,45,60,30,80,50,65,330,55
266,229,Houndoom,75,90,50,110,80,95,500,83.33
267,229,Houndoom (Mega Houndoom),75,90,90,140,90,115,600,100
268,230,Kingdra,75,95,95,95,95,85,540,90
269,231,Phanpy,90,60,60,40,40,40,330,55
270,232,Donphan,90,120,120,60,60,50,500,83.33
271,233,Porygon2,85,80,90,105,95,60,515,85.83
272,234,Stantler,73,95,62,85,65,85,465,77.5
273,235,Smeargle,55,20,35,20,45,75,250,41.67
274,236,Tyrogue,35,35,35,35,35,35,210,35
275,237,Hitmontop,50,95,95,35,110,70,455,75.83
276,238,Smoochum,45,30,15,85,65,65,305,50.83
277,239,Elekid,45,63,37,65,55,95,360,60
278,240,Magby,45,75,37,70,55,83,365,60.83
279,241,Miltank,95,80,105,40,70,100,490,81.67
280,242,Blissey,255,10,10,75,135,55,540,90
281,243,Raikou,90,85,75,115,100,115,580,96.67
282,244,Entei,115,115,85,90,75,100,580,96.67
283,245,Suicune,100,75,115,90,115,85,580,96.67
284,246,Larvitar,50,64,50,45,50,41,300,50
285,247,Pupitar,70,84,70,65,70,51,410,68.33
286,248,Tyranitar,100,134,110,95,100,61,600,100
287,248,Tyranitar (Mega Tyranitar),100,164,150,95,120,71,700,116.67
288,249,Lugia,106,90,130,90,154,110,680,113.33
289,250,Ho-Oh,106,130,90,110,154,90,680,113.33
290,251,Celebi,100,100,100,100,100,100,600,100
291,252,Treecko,40,45,35,65,55,70,310,51.67
292,253,Grovyle,50,65,45,85,65,95,405,67.5
293,254,Sceptile,70,85,65,105,85,120,530,88.33
294,254,Sceptile (Mega Sceptile),70,110,75,145,85,145,630,105
295,255,Torchic,45,60,40,70,50,45,310,51.67
296,256,Combusken,60,85,60,85,60,55,405,67.5
297,257,Blaziken,80,120,70,110,70,80,530,88.33
298,257,Blaziken (Mega Blaziken),80,160,80,130,80,100,630,105
299,258,Mudkip,50,70,50,50,50,40,310,51.67
300,259,Marshtomp,70,85,70,60,70,50,405,67.5
301,260,Swampert,100,110,90,85,90,60,535,89.17
302,260,Swampert (Mega Swampert),100,150,110,95,110,70,635,105.83
303,261,Poochyena,35,55,35,30,30,35,220,36.67
304,262,Mightyena,70,90,70,60,60,70,420,70
305,263,Zigzagoon,38,30,41,30,41,60,240,40
306,264,Linoone,78,70,61,50,61,100,420,70
307,265,Wurmple,45,45,35,20,30,20,195,32.5
308,266,Silcoon,50,35,55,25,25,15,205,34.17
309,267,Beautifly,60,70,50,100,50,65,395,65.83
310,268,Cascoon,50,35,55,25,25,15,205,34.17
311,269,Dustox,60,50,70,50,90,65,385,64.17
312,270,Lotad,40,30,30,40,50,30,220,36.67
313,271,Lombre,60,50,50,60,70,50,340,56.67
314,272,Ludicolo,80,70,70,90,100,70,480,80
315,273,Seedot,40,40,50,30,30,30,220,36.67
316,274,Nuzleaf,70,70,40,60,40,60,340,56.67
317,275,Shiftry,90,100,60,90,60,80,480,80
318,276,Taillow,40,55,30,30,30,85,270,45
319,277,Swellow,60,85,60,75,50,125,455,75.83
320,278,Wingull,40,30,30,55,30,85,270,45
321,279,Pelipper,60,50,100,95,70,65,440,73.33
322,280,Ralts,28,25,25,45,35,40,198,33
323,281,Kirlia,38,35,35,65,55,50,278,46.33
324,282,Gardevoir,68,65,65,125,115,80,518,86.33
325,282,Gardevoir (Mega Gardevoir),68,85,65,165,135,100,618,103
326,283,Surskit,40,30,32,50,52,65,269,44.83
327,284,Masquerain,70,60,62,100,82,80,454,75.67
328,285,Shroomish,60,40,60,40,60,35,295,49.17
329,286,Breloom,60,130,80,60,60,70,460,76.67
330,287,Slakoth,60,60,60,35,35,30,280,46.67
331,288,Vigoroth,80,80,80,55,55,90,440,73.33
332,289,Slaking,150,160,100,95,65,100,670,111.67
333,290,Nincada,31,45,90,30,30,40,266,44.33
334,291,Ninjask,61,90,45,50,50,160,456,76
335,292,Shedinja,1,90,45,30,30,40,236,39.33
336,293,Whismur,64,51,23,51,23,28,240,40
337,294,Loudred,84,71,43,71,43,48,360,60
338,295,Exploud,104,91,63,91,73,68,490,81.67
339,296,Makuhita,72,60,30,20,30,25,237,39.5
340,297,Hariyama,144,120,60,40,60,50,474,79
341,298,Azurill,50,20,40,20,40,20,190,31.67
342,299,Nosepass,30,45,135,45,90,30,375,62.5
343,300,Skitty,50,45,45,35,35,50,260,43.33
344,301,Delcatty,70,65,65,55,55,90,400,66.67
345,302,Sableye,50,75,75,65,65,50,380,63.33
346,302,Sableye (Mega Sableye),50,85,125,85,115,20,480,80
347,303,Mawile,50,85,85,55,55,50,380,63.33
348,303,Mawile (Mega Mawile),50,105,125,55,95,50,480,80
349,304,Aron,50,70,100,40,40,30,330,55
350,305,Lairon,60,90,140,50,50,40,430,71.67
351,306,Aggron,70,110,180,60,60,50,530,88.33
352,306,Aggron (Mega Aggron),70,140,230,60,80,50,630,105
353,307,Meditite,30,40,55,40,55,60,280,46.67
354,308,Medicham,60,60,75,60,75,80,410,68.33
355,308,Medicham (Mega Medicham),60,100,85,80,85,100,510,85
356,309,Electrike,40,45,40,65,40,65,295,49.17
357,310,Manectric,70,75,60,105,60,105,475,79.17
358,310,Manectric (Mega Manectric),70,75,80,135,80,135,575,95.83
359,311,Plusle,60,50,40,85,75,95,405,67.5
360,312,Minun,60,40,50,75,85,95,405,67.5
361,313,Volbeat,65,73,75,47,85,85,430,71.67
362,314,Illumise,65,47,75,73,85,85,430,71.67
363,315,Roselia,50,60,45,100,80,65,400,66.67
364,316,Gulpin,70,43,53,43,53,40,302,50.33
365,317,Swalot,100,73,83,73,83,55,467,77.83
366,318,Carvanha,45,90,20,65,20,65,305,50.83
367,319,Sharpedo,70,120,40,95,40,95,460,76.67
368,319,Sharpedo (Mega Sharpedo),70,140,70,110,65,105,560,93.33
369,320,Wailmer,130,70,35,70,35,60,400,66.67
370,321,Wailord,170,90,45,90,45,60,500,83.33
371,322,Numel,60,60,40,65,45,35,305,50.83
372,323,Camerupt,70,100,70,105,75,40,460,76.67
373,323,Camerupt (Mega Camerupt),70,120,100,145,105,20,560,93.33
374,324,Torkoal,70,85,140,85,70,20,470,78.33
375,325,Spoink,60,25,35,70,80,60,330,55
376,326,Grumpig,80,45,65,90,110,80,470,78.33
377,327,Spinda,60,60,60,60,60,60,360,60
378,328,Trapinch,45,100,45,45,45,10,290,48.33
379,329,Vibrava,50,70,50,50,50,70,340,56.67
380,330,Flygon,80,100,80,80,80,100,520,86.67
381,331,Cacnea,50,85,40,85,40,35,335,55.83
382,332,Cacturne,70,115,60,115,60,55,475,79.17
383,333,Swablu,45,40,60,40,75,50,310,51.67
384,334,Altaria,75,70,90,70,105,80,490,81.67
385,334,Altaria (Mega Altaria),75,110,110,110,105,80,590,98.33
386,335,Zangoose,73,115,60,60,60,90,458,76.33
387,336,Seviper,73,100,60,100,60,65,458,76.33
388,337,Lunatone,90,55,65,95,85,70,460,76.67
389,338,Solrock,90,95,85,55,65,70,460,76.67
390,339,Barboach,50,48,43,46,41,60,288,48
391,340,Whiscash,110,78,73,76,71,60,468,78
392,341,Corphish,43,80,65,50,35,35,308,51.33
393,342,Crawdaunt,63,120,85,90,55,55,468,78
394,343,Baltoy,40,40,55,40,70,55,300,50
395,344,Claydol,60,70,105,70,120,75,500,83.33
396,345,Lileep,66,41,77,61,87,23,355,59.17
397,346,Cradily,86,81,97,81,107,43,495,82.5
398,347,Anorith,45,95,50,40,50,75,355,59.17
399,348,Armaldo,75,125,100,70,80,45,495,82.5
400,349,Feebas,20,15,20,10,55,80,200,33.33
401,350,Milotic,95,60,79,100,125,81,540,90
402,351,Castform,70,70,70,70,70,70,420,70
403,352,Kecleon,60,90,70,60,120,40,440,73.33
404,353,Shuppet,44,75,35,63,33,45,295,49.17
405,354,Banette,64,115,65,83,63,65,455,75.83
406,354,Banette (Mega Banette),64,165,75,93,83,75,555,92.5
407,355,Duskull,20,40,90,30,90,25,295,49.17
408,356,Dusclops,40,70,130,60,130,25,455,75.83
409,357,Tropius,99,68,83,72,87,51,460,76.67
410,358,Chimecho,75,50,80,95,90,65,455,75.83
411,359,Absol,65,130,60,75,60,75,465,77.5
412,359,Absol (Mega Absol),65,150,60,115,60,115,565,94.17
413,360,Wynaut,95,23,48,23,48,23,260,43.33
414,361,Snorunt,50,50,50,50,50,50,300,50
415,362,Glalie,80,80,80,80,80,80,480,80
416,362,Glalie (Mega Glalie),80,120,80,120,80,100,580,96.67
417,363,Spheal,70,40,50,55,50,25,290,48.33
418,364,Sealeo,90,60,70,75,70,45,410,68.33
419,365,Walrein,110,80,90,95,90,65,530,88.33
420,366,Clamperl,35,64,85,74,55,32,345,57.5
421,367,Huntail,55,104,105,94,75,52,485,80.83
422,368,Gorebyss,55,84,105,114,75,52,485,80.83
423,369,Relicanth,100,90,130,45,65,55,485,80.83
424,370,Luvdisc,43,30,55,40,65,97,330,55
425,371,Bagon,45,75,60,40,30,50,300,50
426,372,Shelgon,65,95,100,60,50,50,420,70
427,373,Salamence,95,135,80,110,80,100,600,100
428,373,Salamence (Mega Salamence),95,145,130,120,90,120,700,116.67
429,374,Beldum,40,55,80,35,60,30,300,50
430,375,Metang,60,75,100,55,80,50,420,70
431,376,Metagross,80,135,130,95,90,70,600,100
432,376,Metagross (Mega Metagross),80,145,150,105,110,110,700,116.67
433,377,Regirock,80,100,200,50,100,50,580,96.67
434,378,Regice,80,50,100,100,200,50,580,96.67
435,379,Registeel,80,75,150,75,150,50,580,96.67
436,380,Latias,80,80,90,110,130,110,600,100
437,380,Latias (Mega Latias),80,100,120,140,150,110,700,116.67
438,381,Latios,80,90,80,130,110,110,600,100
439,381,Latios (Mega Latios),80,130,100,160,120,110,700,116.67
440,382,Kyogre,100,100,90,150,140,90,670,111.67
441,382,Kyogre (Primal Kyogre),100,150,90,180,160,90,770,128.33
442,383,Groudon,100,150,140,100,90,90,670,111.67
443,383,Groudon (Primal Groudon),100,180,160,150,90,90,770,128.33
444,384,Rayquaza,105,150,90,150,90,95,680,113.33
445,384,Rayquaza (Mega Rayquaza),105,180,100,180,100,115,780,130
446,385,Jirachi,100,100,100,100,100,100,600,100
447,386,Deoxys (Normal Forme),50,150,50,150,50,150,600,100
448,386,Deoxys (Attack Forme),50,180,20,180,20,150,600,100
449,386,Deoxys (Defense Forme),50,70,160,70,160,90,600,100
450,386,Deoxys (Speed Forme),50,95,90,95,90,180,600,100
451,387,Turtwig,55,68,64,45,55,31,318,53
452,388,Grotle,75,89,85,55,65,36,405,67.5
453,389,Torterra,95,109,105,75,85,56,525,87.5
454,390,Chimchar,44,58,44,58,44,61,309,51.5
455,391,Monferno,64,78,52,78,52,81,405,67.5
456,392,Infernape,76,104,71,104,71,108,534,89
457,393,Piplup,53,51,53,61,56,40,314,52.33
458,394,Prinplup,64,66,68,81,76,50,405,67.5
459,395,Empoleon,84,86,88,111,101,60,530,88.33
460,396,Starly,40,55,30,30,30,60,245,40.83
461,397,Staravia,55,75,50,40,40,80,340,56.67
462,398,Staraptor,85,120,70,50,60,100,485,80.83
463,399,Bidoof,59,45,40,35,40,31,250,41.67
464,400,Bibarel,79,85,60,55,60,71,410,68.33
465,401,Kricketot,37,25,41,25,41,25,194,32.33
466,402,Kricketune,77,85,51,55,51,65,384,64
467,403,Shinx,45,65,34,40,34,45,263,43.83
468,404,Luxio,60,85,49,60,49,60,363,60.5
469,405,Luxray,80,120,79,95,79,70,523,87.17
470,406,Budew,40,30,35,50,70,55,280,46.67
471,407,Roserade,60,70,65,125,105,90,515,85.83
472,408,Cranidos,67,125,40,30,30,58,350,58.33
473,409,Rampardos,97,165,60,65,50,58,495,82.5
474,410,Shieldon,30,42,118,42,88,30,350,58.33
475,411,Bastiodon,60,52,168,47,138,30,495,82.5
476,412,Burmy,40,29,45,29,45,36,224,37.33
477,413,Wormadam (Plant Cloak),60,59,85,79,105,36,424,70.67
478,413,Wormadam (Sandy Cloak),60,79,105,59,85,36,424,70.67
479,413,Wormadam (Trash Cloak),60,69,95,69,95,36,424,70.67
480,414,Mothim,70,94,50,94,50,66,424,70.67
481,415,Combee,30,30,42,30,42,70,244,40.67
482,416,Vespiquen,70,80,102,80,102,40,474,79
483,417,Pachirisu,60,45,70,45,90,95,405,67.5
484,418,Buizel,55,65,35,60,30,85,330,55
485,419,Floatzel,85,105,55,85,50,115,495,82.5
486,420,Cherubi,45,35,45,62,53,35,275,45.83
487,421,Cherrim,70,60,70,87,78,85,450,75
488,422,Shellos,76,48,48,57,62,34,325,54.17
489,423,Gastrodon,111,83,68,92,82,39,475,79.17
490,424,Ambipom,75,100,66,60,66,115,482,80.33
491,425,Drifloon,90,50,34,60,44,70,348,58
492,426,Drifblim,150,80,44,90,54,80,498,83
493,427,Buneary,55,66,44,44,56,85,350,58.33
494,428,Lopunny,65,76,84,54,96,105,480,80
495,428,Lopunny (Mega Lopunny),65,136,94,54,96,135,580,96.67
496,429,Mismagius,60,60,60,105,105,105,495,82.5
497,430,Honchkrow,100,125,52,105,52,71,505,84.17
498,431,Glameow,49,55,42,42,37,85,310,51.67
499,432,Purugly,71,82,64,64,59,112,452,75.33
500,433,Chingling,45,30,50,65,50,45,285,47.5
501,434,Stunky,63,63,47,41,41,74,329,54.83
502,435,Skuntank,103,93,67,71,61,84,479,79.83
503,436,Bronzor,57,24,86,24,86,23,300,50
504,437,Bronzong,67,89,116,79,116,33,500,83.33
505,438,Bonsly,50,80,95,10,45,10,290,48.33
506,439,Mime Jr.,20,25,45,70,90,60,310,51.67
507,440,Happiny,100,5,5,15,65,30,220,36.67
508,441,Chatot,76,65,45,92,42,91,411,68.5
509,442,Spiritomb,50,92,108,92,108,35,485,80.83
510,443,Gible,58,70,45,40,45,42,300,50
511,444,Gabite,68,90,65,50,55,82,410,68.33
512,445,Garchomp,108,130,95,80,85,102,600,100
513,445,Garchomp (Mega Garchomp),108,170,115,120,95,92,700,116.67
514,446,Munchlax,135,85,40,40,85,5,390,65
515,447,Riolu,40,70,40,35,40,60,285,47.5
516,448,Lucario,70,110,70,115,70,90,525,87.5
517,448,Lucario (Mega Lucario),70,145,88,140,70,112,625,104.17
518,449,Hippopotas,68,72,78,38,42,32,330,55
519,450,Hippowdon,108,112,118,68,72,47,525,87.5
520,451,Skorupi,40,50,90,30,55,65,330,55
521,452,Drapion,70,90,110,60,75,95,500,83.33
522,453,Croagunk,48,61,40,61,40,50,300,50
523,454,Toxicroak,83,106,65,86,65,85,490,81.67
524,455,Carnivine,74,100,72,90,72,46,454,75.67
525,456,Finneon,49,49,56,49,61,66,330,55
526,457,Lumineon,69,69,76,69,86,91,460,76.67
527,458,Mantyke,45,20,50,60,120,50,345,57.5
528,459,Snover,60,62,50,62,60,40,334,55.67
529,460,Abomasnow,90,92,75,92,85,60,494,82.33
530,460,Abomasnow (Mega Abomasnow),90,132,105,132,105,30,594,99
531,461,Weavile,70,120,65,45,85,125,510,85
532,462,Magnezone,70,70,115,130,90,60,535,89.17
533,463,Lickilicky,110,85,95,80,95,50,515,85.83
534,464,Rhyperior,115,140,130,55,55,40,535,89.17
535,465,Tangrowth,100,100,125,110,50,50,535,89.17
536,466,Electivire,75,123,67,95,85,95,540,90
537,467,Magmortar,75,95,67,125,95,83,540,90
538,468,Togekiss,85,50,95,120,115,80,545,90.83
539,469,Yanmega,86,76,86,116,56,95,515,85.83
540,470,Leafeon,65,110,130,60,65,95,525,87.5
541,471,Glaceon,65,60,110,130,95,65,525,87.5
542,472,Gliscor,75,95,125,45,75,95,510,85
543,473,Mamoswine,110,130,80,70,60,80,530,88.33
544,474,Porygon-Z,85,80,70,135,75,90,535,89.17
545,475,Gallade,68,125,65,65,115,80,518,86.33
546,475,Gallade (Mega Gallade),68,165,95,65,115,110,618,103
547,476,Probopass,60,55,145,75,150,40,525,87.5
548,477,Dusknoir,45,100,135,65,135,45,525,87.5
549,478,Froslass,70,80,70,80,70,110,480,80
550,479,Rotom,50,50,77,95,77,91,440,73.33
551,479,Rotom (Heat Rotom),50,65,107,105,107,86,520,86.67
552,479,Rotom (Wash Rotom),50,65,107,105,107,86,520,86.67
553,479,Rotom (Frost Rotom),50,65,107,105,107,86,520,86.67
554,479,Rotom (Fan Rotom),50,65,107,105,107,86,520,86.67
555,479,Rotom (Mow Rotom),50,65,107,105,107,86,520,86.67
556,480,Uxie,75,75,130,75,130,95,580,96.67
557,481,Mesprit,80,105,105,105,105,80,580,96.67
558,482,Azelf,75,125,70,125,70,115,580,96.67
559,483,Dialga,100,120,120,150,100,90,680,113.33
560,484,Palkia,90,120,100,150,120,100,680,113.33
561,485,Heatran,91,90,106,130,106,77,600,100
562,486,Regigigas,110,160,110,80,110,100,670,111.67
563,487,Giratina (Altered Forme),150,100,120,100,120,90,680,113.33
564,487,Giratina (Origin Forme),150,120,100,120,100,90,680,113.33
565,488,Cresselia,120,70,120,75,130,85,600,100
566,489,Phione,80,80,80,80,80,80,480,80
567,490,Manaphy,100,100,100,100,100,100,600,100
568,491,Darkrai,70,90,90,135,90,125,600,100
569,492,Shaymin (Land Forme),100,100,100,100,100,100,600,100
570,492,Shaymin (Sky Forme),100,103,75,120,75,127,600,100
571,493,Arceus,120,120,120,120,120,120,720,120
572,494,Victini,100,100,100,100,100,100,600,100
573,495,Snivy,45,45,55,45,55,63,308,51.33
574,496,Servine,60,60,75,60,75,83,413,68.83
575,497,Serperior,75,75,95,75,95,113,528,88
576,498,Tepig,65,63,45,45,45,45,308,51.33
577,499,Pignite,90,93,55,70,55,55,418,69.67
578,500,Emboar,110,123,65,100,65,65,528,88
579,501,Oshawott,55,55,45,63,45,45,308,51.33
580,502,Dewott,75,75,60,83,60,60,413,68.83
581,503,Samurott,95,100,85,108,70,70,528,88
582,504,Patrat,45,55,39,35,39,42,255,42.5
583,505,Watchog,60,85,69,60,69,77,420,70
584,506,Lillipup,45,60,45,25,45,55,275,45.83
585,507,Herdier,65,80,65,35,65,60,370,61.67
586,508,Stoutland,85,110,90,45,90,80,500,83.33
587,509,Purrloin,41,50,37,50,37,66,281,46.83
588,510,Liepard,64,88,50,88,50,106,446,74.33
589,511,Pansage,50,53,48,53,48,64,316,52.67
590,512,Simisage,75,98,63,98,63,101,498,83
591,513,Pansear,50,53,48,53,48,64,316,52.67
592,514,Simisear,75,98,63,98,63,101,498,83
593,515,Panpour,50,53,48,53,48,64,316,52.67
594,516,Simipour,75,98,63,98,63,101,498,83
595,517,Munna,76,25,45,67,55,24,292,48.67
596,518,Musharna,116,55,85,107,95,29,487,81.17
597,519,Pidove,50,55,50,36,30,43,264,44
598,520,Tranquill,62,77,62,50,42,65,358,59.67
599,521,Unfezant,80,115,80,65,55,93,488,81.33
600,522,Blitzle,45,60,32,50,32,76,295,49.17
601,523,Zebstrika,75,100,63,80,63,116,497,82.83
602,524,Roggenrola,55,75,85,25,25,15,280,46.67
603,525,Boldore,70,105,105,50,40,20,390,65
604,526,Gigalith,85,135,130,60,80,25,515,85.83
605,527,Woobat,65,45,43,55,43,72,323,53.83
606,528,Swoobat,67,57,55,77,55,114,425,70.83
607,529,Drilbur,60,85,40,30,45,68,328,54.67
608,530,Excadrill,110,135,60,50,65,88,508,84.67
609,531,Audino,103,60,86,60,86,50,445,74.17
610,531,Audino (Mega Audino),103,60,126,80,126,50,545,90.83
611,532,Timburr,75,80,55,25,35,35,305,50.83
612,533,Gurdurr,85,105,85,40,50,40,405,67.5
613,534,Conkeldurr,105,140,95,55,65,45,505,84.17
614,535,Tympole,50,50,40,50,40,64,294,49
615,536,Palpitoad,75,65,55,65,55,69,384,64
616,537,Seismitoad,105,95,75,85,75,74,509,84.83
617,538,Throh,120,100,85,30,85,45,465,77.5
618,539,Sawk,75,125,75,30,75,85,465,77.5
619,540,Sewaddle,45,53,70,40,60,42,310,51.67
620,541,Swadloon,55,63,90,50,80,42,380,63.33
621,542,Leavanny,75,103,80,70,80,92,500,83.33
622,543,Venipede,30,45,59,30,39,57,260,43.33
623,544,Whirlipede,40,55,99,40,79,47,360,60
624,545,Scolipede,60,100,89,55,69,112,485,80.83
625,546,Cottonee,40,27,60,37,50,66,280,46.67
626,547,Whimsicott,60,67,85,77,75,116,480,80
627,548,Petilil,45,35,50,70,50,30,280,46.67
628,549,Lilligant,70,60,75,110,75,90,480,80
629,550,Basculin,70,92,65,80,55,98,460,76.67
630,551,Sandile,50,72,35,35,35,65,292,48.67
631,552,Krokorok,60,82,45,45,45,74,351,58.5
632,553,Krookodile,95,117,80,65,70,92,519,86.5
633,554,Darumaka,70,90,45,15,45,50,315,52.5
634,555,Darmanitan (Standard Mode),105,140,55,30,55,95,480,80
635,555,Darmanitan (Zen Mode),105,30,105,140,105,55,540,90
636,556,Maractus,75,86,67,106,67,60,461,76.83
637,557,Dwebble,50,65,85,35,35,55,325,54.17
638,558,Crustle,70,105,125,65,75,45,485,80.83
639,559,Scraggy,50,75,70,35,70,48,348,58
640,560,Scrafty,65,90,115,45,115,58,488,81.33
641,561,Sigilyph,72,58,80,103,80,97,490,81.67
642,562,Yamask,38,30,85,55,65,30,303,50.5
643,563,Cofagrigus,58,50,145,95,105,30,483,80.5
644,564,Tirtouga,54,78,103,53,45,22,355,59.17
645,565,Carracosta,74,108,133,83,65,32,495,82.5
646,566,Archen,55,112,45,74,45,70,401,66.83
647,567,Archeops,75,140,65,112,65,110,567,94.5
648,568,Trubbish,50,50,62,40,62,65,329,54.83
649,569,Garbodor,80,95,82,60,82,75,474,79
650,570,Zorua,40,65,40,80,40,65,330,55
651,571,Zoroark,60,105,60,120,60,105,510,85
652,572,Minccino,55,50,40,40,40,75,300,50
653,573,Cinccino,75,95,60,65,60,115,470,78.33
654,574,Gothita,45,30,50,55,65,45,290,48.33
655,575,Gothorita,60,45,70,75,85,55,390,65
656,576,Gothitelle,70,55,95,95,110,65,490,81.67
657,577,Solosis,45,30,40,105,50,20,290,48.33
658,578,Duosion,65,40,50,125,60,30,370,61.67
659,579,Reuniclus,110,65,75,125,85,30,490,81.67
660,580,Ducklett,62,44,50,44,50,55,305,50.83
661,581,Swanna,75,87,63,87,63,98,473,78.83
662,582,Vanillite,36,50,50,65,60,44,305,50.83
663,583,Vanillish,51,65,65,80,75,59,395,65.83
664,584,Vanilluxe,71,95,85,110,95,79,535,89.17
665,585,Deerling,60,60,50,40,50,75,335,55.83
666,586,Sawsbuck,80,100,70,60,70,95,475,79.17
667,587,Emolga,55,75,60,75,60,103,428,71.33
668,588,Karrablast,50,75,45,40,45,60,315,52.5
669,589,Escavalier,70,135,105,60,105,20,495,82.5
670,590,Foongus,69,55,45,55,55,15,294,49
671,591,Amoonguss,114,85,70,85,80,30,464,77.33
672,592,Frillish,55,40,50,65,85,40,335,55.83
673,593,Jellicent,100,60,70,85,105,60,480,80
674,594,Alomomola,165,75,80,40,45,65,470,78.33
675,595,Joltik,50,47,50,57,50,65,319,53.17
676,596,Galvantula,70,77,60,97,60,108,472,78.67
677,597,Ferroseed,44,50,91,24,86,10,305,50.83
678,598,Ferrothorn,74,94,131,54,116,20,489,81.5
679,599,Klink,40,55,70,45,60,30,300,50
680,600,Klang,60,80,95,70,85,50,440,73.33
681,601,Klinklang,60,100,115,70,85,90,520,86.67
682,602,Tynamo,35,55,40,45,40,60,275,45.83
683,603,Eelektrik,65,85,70,75,70,40,405,67.5
684,604,Eelektross,85,115,80,105,80,50,515,85.83
685,605,Elgyem,55,55,55,85,55,30,335,55.83
686,606,Beheeyem,75,75,75,125,95,40,485,80.83
687,607,Litwick,50,30,55,65,55,20,275,45.83
688,608,Lampent,60,40,60,95,60,55,370,61.67
689,609,Chandelure,60,55,90,145,90,80,520,86.67
690,610,Axew,46,87,60,30,40,57,320,53.33
691,611,Fraxure,66,117,70,40,50,67,410,68.33
692,612,Haxorus,76,147,90,60,70,97,540,90
693,613,Cubchoo,55,70,40,60,40,40,305,50.83
694,614,Beartic,95,130,80,70,80,50,505,84.17
695,615,Cryogonal,80,50,50,95,135,105,515,85.83
696,616,Shelmet,50,40,85,40,65,25,305,50.83
697,617,Accelgor,80,70,40,100,60,145,495,82.5
698,618,Stunfisk,109,66,84,81,99,32,471,78.5
699,619,Mienfoo,45,85,50,55,50,65,350,58.33
700,620,Mienshao,65,125,60,95,60,105,510,85
701,621,Druddigon,77,120,90,60,90,48,485,80.83
702,622,Golett,59,74,50,35,50,35,303,50.5
703,623,Golurk,89,124,80,55,80,55,483,80.5
704,624,Pawniard,45,85,70,40,40,60,340,56.67
705,625,Bisharp,65,125,100,60,70,70,490,81.67
706,626,Bouffalant,95,110,95,40,95,55,490,81.67
707,627,Rufflet,70,83,50,37,50,60,350,58.33
708,628,Braviary,100,123,75,57,75,80,510,85
709,629,Vullaby,70,55,75,45,65,60,370,61.67
710,630,Mandibuzz,110,65,105,55,95,80,510,85
711,631,Heatmor,85,97,66,105,66,65,484,80.67
712,632,Durant,58,109,112,48,48,109,484,80.67
713,633,Deino,52,65,50,45,50,38,300,50
714,634,Zweilous,72,85,70,65,70,58,420,70
715,635,Hydreigon,92,105,90,125,90,98,600,100
716,636,Larvesta,55,85,55,50,55,60,360,60
717,637,Volcarona,85,60,65,135,105,100,550,91.67
718,638,Cobalion,91,90,129,90,72,108,580,96.67
719,639,Terrakion,91,129,90,72,90,108,580,96.67
720,640,Virizion,91,90,72,90,129,108,580,96.67
721,641,Tornadus (Incarnate Forme),79,115,70,125,80,111,580,96.67
722,641,Tornadus (Therian Forme),79,100,80,110,90,121,580,96.67
723,642,Thundurus (Incarnate Forme),79,115,70,125,80,111,580,96.67
724,642,Thundurus (Therian Forme),79,105,70,145,80,101,580,96.67
725,643,Reshiram,100,120,100,150,120,90,680,113.33
726,644,Zekrom,100,150,120,120,100,90,680,113.33
727,645,Landorus (Incarnate Forme),89,125,90,115,80,101,600,100
728,645,Landorus (Therian Forme),89,145,90,105,80,91,600,100
729,646,Kyurem (Normal Kyurem),125,130,90,130,90,95,660,110
730,646,Kyurem (Black Kyurem),125,170,100,120,90,95,700,116.67
731,646,Kyurem (White Kyurem),125,120,90,170,100,95,700,116.67
732,647,Keldeo,91,72,90,129,90,108,580,96.67
733,648,Meloetta (Aria Forme),100,77,77,128,128,90,600,100
734,648,Meloetta (Pirouette Forme),100,128,90,77,77,128,600,100
735,649,Genesect,71,120,95,120,95,99,600,100
736,650,Chespin,56,61,65,48,45,38,313,52.17
737,651,Quilladin,61,78,95,56,58,57,405,67.5
738,652,Chesnaught,88,107,122,74,75,64,530,88.33
739,653,Fennekin,40,45,40,62,60,60,307,51.17
740,654,Braixen,59,59,58,90,70,73,409,68.17
741,655,Delphox,75,69,72,114,100,104,534,89
742,656,Froakie,41,56,40,62,44,71,314,52.33
743,657,Frogadier,54,63,52,83,56,97,405,67.5
744,658,Greninja,72,95,67,103,71,122,530,88.33
745,658,Greninja (Ash-Greninja),72,145,67,153,71,132,640,106.67
746,659,Bunnelby,38,36,38,32,36,57,237,39.5
747,660,Diggersby,85,56,77,50,77,78,423,70.5
748,661,Fletchling,45,50,43,40,38,62,278,46.33
749,662,Fletchinder,62,73,55,56,52,84,382,63.67
750,663,Talonflame,78,81,71,74,69,126,499,83.17
751,664,Scatterbug,38,35,40,27,25,35,200,33.33
752,665,Spewpa,45,22,60,27,30,29,213,35.5
753,666,Vivillon,80,52,50,90,50,89,411,68.5
754,667,Litleo,62,50,58,73,54,72,369,61.5
755,668,Pyroar,86,68,72,109,66,106,507,84.5
756,669,Flabébé,44,38,39,61,79,42,303,50.5
757,670,Floette,54,45,47,75,98,52,371,61.83
758,671,Florges,78,65,68,112,154,75,552,92
759,672,Skiddo,66,65,48,62,57,52,350,58.33
760,673,Gogoat,123,100,62,97,81,68,531,88.5
761,674,Pancham,67,82,62,46,48,43,348,58
762,675,Pangoro,95,124,78,69,71,58,495,82.5
763,676,Furfrou,75,80,60,65,90,102,472,78.67
764,677,Espurr,62,48,54,63,60,68,355,59.17
765,678,Meowstic,74,48,76,83,81,104,466,77.67
766,679,Honedge,45,80,100,35,37,28,325,54.17
767,680,Doublade,59,110,150,45,49,35,448,74.67
768,681,Aegislash (Shield Forme),60,50,150,50,150,60,520,86.67
769,681,Aegislash (Blade Forme),60,150,50,150,50,60,520,86.67
770,682,Spritzee,78,52,60,63,65,23,341,56.83
771,683,Aromatisse,101,72,72,99,89,29,462,77
772,684,Swirlix,62,48,66,59,57,49,341,56.83
773,685,Slurpuff,82,80,86,85,75,72,480,80
774,686,Inkay,53,54,53,37,46,45,288,48
775,687,Malamar,86,92,88,68,75,73,482,80.33
776,688,Binacle,42,52,67,39,56,50,306,51
777,689,Barbaracle,72,105,115,54,86,68,500,83.33
778,690,Skrelp,50,60,60,60,60,30,320,53.33
779,691,Dragalge,65,75,90,97,123,44,494,82.33
780,692,Clauncher,50,53,62,58,63,44,330,55
781,693,Clawitzer,71,73,88,120,89,59,500,83.33
782,694,Helioptile,44,38,33,61,43,70,289,48.17
783,695,Heliolisk,62,55,52,109,94,109,481,80.17
784,696,Tyrunt,58,89,77,45,45,48,362,60.33
785,697,Tyrantrum,82,121,119,69,59,71,521,86.83
786,698,Amaura,77,59,50,67,63,46,362,60.33
787,699,Aurorus,123,77,72,99,92,58,521,86.83
788,700,Sylveon,95,65,65,110,130,60,525,87.5
789,701,Hawlucha,78,92,75,74,63,118,500,83.33
790,702,Dedenne,67,58,57,81,67,101,431,71.83
791,703,Carbink,50,50,150,50,150,50,500,83.33
792,704,Goomy,45,50,35,55,75,40,300,50
793,705,Sliggoo,68,75,53,83,113,60,452,75.33
794,706,Goodra,90,100,70,110,150,80,600,100
795,707,Klefki,57,80,91,80,87,75,470,78.33
796,708,Phantump,43,70,48,50,60,38,309,51.5
797,709,Trevenant,85,110,76,65,82,56,474,79
798,710,Pumpkaboo (Small Size),44,66,70,44,55,56,335,55.83
799,710,Pumpkaboo (Average Size),49,66,70,44,55,51,335,55.83
800,710,Pumpkaboo (Large Size),54,66,70,44,55,46,335,55.83
801,710,Pumpkaboo (Super Size),59,66,70,44,55,41,335,55.83
802,711,Gourgeist (Small Size),55,85,122,58,75,99,494,82.33
803,711,Gourgeist (Average Size),65,90,122,58,75,84,494,82.33
804,711,Gourgeist (Large Size),75,95,122,58,75,69,494,82.33
805,711,Gourgeist (Super Size),85,100,122,58,75,54,494,82.33
806,712,Bergmite,55,69,85,32,35,28,304,50.67
807,713,Avalugg,95,117,184,44,46,28,514,85.67
808,714,Noibat,40,30,35,45,40,55,245,40.83
809,715,Noivern,85,70,80,97,80,123,535,89.17
810,716,Xerneas,126,131,95,131,98,99,680,113.33
811,717,Yveltal,126,131,95,131,98,99,680,113.33
812,718,Zygarde (50% Forme),108,100,121,81,95,95,600,100
813,718,Zygarde (10% Forme),54,100,71,61,85,115,486,81
814,718,Zygarde (Complete Forme),216,100,121,91,95,85,708,118
815,719,Diancie,50,100,150,100,150,50,600,100
816,719,Diancie (Mega Diancie),50,160,110,160,110,110,700,116.67
817,720,Hoopa (Hoopa Confined),80,110,60,150,130,70,600,100
818,720,Hoopa (Hoopa Unbound),80,160,60,170,130,80,680,113.33
819,721,Volcanion,80,110,120,130,90,70,600,100
820,722,Rowlet,68,55,55,50,50,42,320,53.33
821,723,Dartrix,78,75,75,70,70,52,420,70
822,724,Decidueye,78,107,75,100,100,70,530,88.33
823,725,Litten,45,65,40,60,40,70,320,53.33
824,726,Torracat,65,85,50,80,50,90,420,70
825,727,Incineroar,95,115,90,80,90,60,530,88.33
826,728,Popplio,50,54,54,66,56,40,320,53.33
827,729,Brionne,60,69,69,91,81,50,420,70
828,730,Primarina,80,74,74,126,116,60,530,88.33
829,731,Pikipek,35,75,30,30,30,65,265,44.17
830,732,Trumbeak,55,85,50,40,50,75,355,59.17
831,733,Toucannon,80,120,75,75,75,60,485,80.83
832,734,Yungoos,48,70,30,30,30,45,253,42.17
833,735,Gumshoos,88,110,60,55,60,45,418,69.67
834,736,Grubbin,47,62,45,55,45,46,300,50
835,737,Charjabug,57,82,95,55,75,36,400,66.67
836,738,Vikavolt,77,70,90,145,75,43,500,83.33
837,739,Crabrawler,47,82,57,42,47,63,338,56.33
838,740,Crabominable,97,132,77,62,67,43,478,79.67
839,741,Oricorio,75,70,70,98,70,93,476,79.33
840,742,Cutiefly,40,45,40,55,40,84,304,50.67
841,743,Ribombee,60,55,60,95,70,124,464,77.33
842,744,Rockruff,45,65,40,30,40,60,280,46.67
843,745,Lycanroc (Midday Form),75,115,65,55,65,112,487,81.17
844,745,Lycanroc (Midnight Form),85,115,75,55,75,82,487,81.17
845,745,Lycanroc (Dusk Form),75,117,65,55,65,110,487,81.17
846,746,Wishiwashi (Solo Form),45,20,20,25,25,40,175,29.17
847,746,Wishiwashi (School Form),45,140,130,140,135,30,620,103.33
848,747,Mareanie,50,53,62,43,52,45,305,50.83
849,748,Toxapex,50,63,152,53,142,35,495,82.5
850,749,Mudbray,70,100,70,45,55,45,385,64.17
851,750,Mudsdale,100,125,100,55,85,35,500,83.33
852,751,Dewpider,38,40,52,40,72,27,269,44.83
853,752,Araquanid,68,70,92,50,132,42,454,75.67
854,753,Fomantis,40,55,35,50,35,35,250,41.67
855,754,Lurantis,70,105,90,80,90,45,480,80
856,755,Morelull,40,35,55,65,75,15,285,47.5
857,756,Shiinotic,60,45,80,90,100,30,405,67.5
858,757,Salandit,48,44,40,71,40,77,320,53.33
859,758,Salazzle,68,64,60,111,60,117,480,80
860,759,Stufful,70,75,50,45,50,50,340,56.67
861,760,Bewear,120,125,80,55,60,60,500,83.33
862,761,Bounsweet,42,30,38,30,38,32,210,35
863,762,Steenee,52,40,48,40,48,62,290,48.33
864,763,Tsareena,72,120,98,50,98,72,510,85
865,764,Comfey,51,52,90,82,110,100,485,80.83
866,765,Oranguru,90,60,80,90,110,60,490,81.67
867,766,Passimian,100,120,90,40,60,80,490,81.67
868,767,Wimpod,25,35,40,20,30,80,230,38.33
869,768,Golisopod,75,125,140,60,90,40,530,88.33
870,769,Sandygast,55,55,80,70,45,15,320,53.33
871,770,Palossand,85,75,110,100,75,35,480,80
872,771,Pyukumuku,55,60,130,30,130,5,410,68.33
873,772,Type: Null,95,95,95,95,95,59,534,89
874,773,Silvally,95,95,95,95,95,95,570,95
875,774,Minior (Meteor Form),60,60,100,60,100,60,440,73.33
876,774,Minior (Core Form),60,100,60,100,60,120,500,83.33
877,775,Komala,65,115,65,75,95,65,480,80
878,776,Turtonator,60,78,135,91,85,36,485,80.83
879,777,Togedemaru,65,98,63,40,73,96,435,72.5
880,778,Mimikyu,55,90,80,50,105,96,476,79.33
881,779,Bruxish,68,105,70,70,70,92,475,79.17
882,780,Drampa,78,60,85,135,91,36,485,80.83
883,781,Dhelmise,70,131,100,86,90,40,517,86.17
884,782,Jangmo-o,45,55,65,45,45,45,300,50
885,783,Hakamo-o,55,75,90,65,70,65,420,70
886,784,Kommo-o,75,110,125,100,105,85,600,100
887,785,Tapu Koko,70,115,85,95,75,130,570,95
888,786,Tapu Lele,70,85,75,130,115,95,570,95
889,787,Tapu Bulu,70,130,115,85,95,75,570,95
890,788,Tapu Fini,70,75,115,95,130,85,570,95
891,789,Cosmog,43,29,31,29,31,37,200,33.33
892,790,Cosmoem,43,29,131,29,131,37,400,66.67
893,791,Solgaleo,137,137,107,113,89,97,680,113.33
894,792,Lunala,137,113,89,137,107,97,680,113.33
895,793,Nihilego,109,53,47,127,131,103,570,95
896,794,Buzzwole,107,139,139,53,53,79,570,95
897,795,Pheromosa,71,137,37,137,37,151,570,95
898,796,Xurkitree,83,89,71,173,71,83,570,95
899,797,Celesteela,97,101,103,107,101,61,570,95
900,798,Kartana,59,181,131,59,31,109,570,95
901,799,Guzzlord,223,101,53,97,53,43,570,95
902,800,Necrozma,97,107,101,127,89,79,600,100
903,800,Necrozma (Dusk Mane),97,157,127,113,109,77,680,113.33
904,800,Necrozma (Dawn Wings),97,113,109,157,127,77,680,113.33
905,800,Necrozma (Ultra Necrozma),97,167,97,167,97,129,754,125.67
906,801,Magearna,80,95,115,130,115,65,600,100
907,802,Marshadow,90,125,80,90,90,125,600,100
908,803,Poipole,67,73,67,73,67,73,420,70
909,804,Naganadel,73,73,73,127,73,121,540,90
910,805,Stakataka,61,131,211,53,101,13,570,95
911,806,Blacephalon,53,127,53,151,79,107,570,95
912,807,Zeraora,88,112,75,102,80,143,600,100